Protocollo;Gruppo;DataOraIncidente;Localizzazione1;STRADA1;Localizzazione2;STRADA2;Strada02;Chilometrica;DaSpecificare;NaturaIncidente;particolaritastrade;TipoStrada;FondoStradale;Pavimentazione;Segnaletica;CondizioneAtmosferica;Traffico;Visibilita;Illuminazione;NUM_FERITI;NUM_RISERVATA;NUM_MORTI;NUM_ILLESI;Longitudine;Latitudine;Confermato;Progressivo;TipoVeicolo;StatoVeicolo;TipoPersona;Sesso;Tipolesione;Deceduto;DecedutoDopo;CinturaCascoUtilizzato;Airbag
1833969;2;06/04/2010 14:15;Strada Urbana;VIALE DEL MURO TORTO;da specificare;;;;dir. p.le Flaminio alt. palo Acea 11;Scontro laterale fra veicoli in marcia;Rettilineo;Due carreggiate;Asciutto;Asfaltata;Orizzontale;Sereno;Normale;Buona;Ore Diurne;0;0;0;2;;;-1;1;Autovettura privata;In marcia / fermata / arresto;Conducente;F;Illeso;0;;Non accertato;Inesistente
1833969;2;06/04/2010 14:15;Strada Urbana;VIALE DEL MURO TORTO;da specificare;;;;dir. p.le Flaminio alt. palo Acea 11;Scontro laterale fra veicoli in marcia;Rettilineo;Due carreggiate;Asciutto;Asfaltata;Orizzontale;Sereno;Normale;Buona;Ore Diurne;0;0;0;2;;;-1;2;Autovettura privata;In marcia / fermata / arresto;Conducente;M;Illeso;0;;Non accertato;Inesistente
1833970;2;06/04/2010 16:00;Strada Urbana;VIA GIAMBATTISTA VICO;in prossimità;;del civico n. ;1;;Veicolo in marcia contro veicolo in sosta;Rettilineo;Una carreggiata a doppio senso;Asciutto;Asfaltata;Verticale ed orizzontale;Sereno;Normale;Buona;Ore Diurne;0;0;0;1;;;-1;2;Autovettura privata;In marcia / fermata / arresto;Conducente;F;Illeso;0;;Non accertato;Inesistente
1833971;2;06/04/2010 17:30;Strada Urbana;VIALE PARIOLI;in prossimità;;del civico n. ;16;;Scontro laterale fra veicoli in marcia;Rettilineo;Una carreggiata a doppio senso;Asciutto;Asfaltata;Verticale ed orizzontale;Sereno;Normale;Buona;Ore Diurne;0;0;0;2;;;-1;1;Autovettura privata;In marcia / fermata / arresto;Conducente;F;Illeso;0;;Non accertato;Inesistente
1833971;2;06/04/2010 17:30;Strada Urbana;VIALE PARIOLI;in prossimità;;del civico n. ;16;;Scontro laterale fra veicoli in marcia;Rettilineo;Una carreggiata a doppio senso;Asciutto;Asfaltata;Verticale ed orizzontale;Sereno;Normale;Buona;Ore Diurne;0;0;0;2;;;-1;2;Motociclo a solo;In marcia / fermata / arresto;Conducente;M;Illeso;0;;Non accertato;Inesistente
1833972;2;07/04/2010 10:00;Strada Urbana;VIALE LIEGI;all'intersezione con;VIA LOVANIO;VIA LOVANIO;;;Scontro frontale/laterale SX fra veicoli in marcia;Incrocio;Più di due carreggiate;Asciutto;Asfaltata;Verticale ed orizzontale;Sereno;Normale;Buona;Ore Diurne;1;0;0;1;;;-1;1;Motociclo a solo;In marcia / fermata / arresto;Conducente;M;Rimandato;0;NON DECEDUTO;Non utilizzato;Inesistente
1833972;2;07/04/2010 10:00;Strada Urbana;VIALE LIEGI;all'intersezione con;VIA LOVANIO;VIA LOVANIO;;;Scontro frontale/laterale SX fra veicoli in marcia;Incrocio;Più di due carreggiate;Asciutto;Asfaltata;Verticale ed orizzontale;Sereno;Normale;Buona;Ore Diurne;1;0;0;1;;;-1;2;Autovettura privata;In marcia / fermata / arresto;Conducente;M;Illeso;0;;Non accertato;Inesistente
1833973;2;07/04/2010 13:10;Strada Urbana;VIALE GIOACCHINO ROSSINI;all'intersezione semaforizzata con;VIA ANTONIO BERTOLONI;VIA ANTONIO BERTOLONI;;;Veicolo in marcia contro ostacolo accidentale;Intersezione semaforizzata;Due carreggiate;Asciutto;Asfaltata;Verticale ed orizzontale;Sereno;Intenso;Buona;Ore Diurne;0;0;0;1;;;-1;1;Autovettura privata;In marcia / fermata / arresto;Conducente;M;Illeso;0;;Non accertato;Inesploso
1833974;2;07/04/2010 17:40;Strada Urbana;PIAZZA FIUME;da specificare;;;;prossimità via Piave 188;Scontro laterale fra veicoli in marcia;Rettilineo;Una carreggiata a doppio senso;Asciutto;Asfaltata;Verticale ed orizzontale;Sereno;Intenso;Buona;Ore Diurne;1;0;0;1;;;-1;1;Autovettura pubblica;In marcia / fermata / arresto;Conducente;M;Illeso;0;;Non accertato;Inesploso
1833974;2;07/04/2010 17:40;Strada Urbana;PIAZZA FIUME;da specificare;;;;prossimità via Piave 188;Scontro laterale fra veicoli in marcia;Rettilineo;Una carreggiata a doppio senso;Asciutto;Asfaltata;Verticale ed orizzontale;Sereno;Intenso;Buona;Ore Diurne;1;0;0;1;;;-1;2;Motociclo a solo;In marcia / fermata / arresto;Conducente;F;Rimandato;0;NON DECEDUTO;Non accertato;Inesistente
1833975;3;06/04/2010 08:00;Strada Urbana;VIALE DELLE PROVINCIE;in prossimità;;del civico n. ;32;;Tamponamento;Rettilineo;Una carreggiata a senso unico di marcia;Asciutto;Asfaltata;Verticale ed orizzontale;Sereno;Scarso;Buona;Ore Diurne;0;0;0;2;;;-1;1;Autovettura privata;In marcia / fermata / arresto;Conducente;F;Illeso;0;;Non accertato;Inesistente
1833975;3;06/04/2010 08:00;Strada Urbana;VIALE DELLE PROVINCIE;in prossimità;;del civico n. ;32;;Tamponamento;Rettilineo;Una carreggiata a senso unico di marcia;Asciutto;Asfaltata;Verticale ed orizzontale;Sereno;Scarso;Buona;Ore Diurne;0;0;0;2;;;-1;2;Autovettura privata;In marcia / fermata / arresto;Conducente;M;Illeso;0;;Non accertato;Inesploso
1833976;3;06/04/2010 11:00;Strada Urbana;VIALE DELLE PROVINCIE;all'intersezione con;VIA CARNIA;VIA CARNIA;;;Veicolo in marcia contro ostacolo accidentale;Incrocio;Una carreggiata a senso unico di marcia;Asciutto;Asfaltata;Verticale ed orizzontale;Sereno;Normale;Buona;Ore Diurne;0;0;0;1;;;-1;1;Autovettura privata;In marcia / fermata / arresto;Conducente;F;Illeso;0;;Non accertato;Inesistente
1833992;6;07/04/2010 16:00;Strada Urbana;VIA PRENESTINA;all'intersezione con;VIA TOR DE' SCHIAVI;VIA TOR DE' SCHIAVI;;;Scontro laterale fra veicoli in marcia;Incrocio;Una carreggiata a senso unico di marcia;Asciutto;Asfaltata;Verticale;Sereno;Intenso;Buona;Ore Diurne;0;0;0;2;;;-1;1;Autovettura privata;In marcia / fermata / arresto;Conducente;M;Illeso;0;;Non accertato;Inesploso
1833992;6;07/04/2010 16:00;Strada Urbana;VIA PRENESTINA;all'intersezione con;VIA TOR DE' SCHIAVI;VIA TOR DE' SCHIAVI;;;Scontro laterale fra veicoli in marcia;Incrocio;Una carreggiata a senso unico di marcia;Asciutto;Asfaltata;Verticale;Sereno;Intenso;Buona;Ore Diurne;0;0;0;2;;;-1;2;Macchina operatrice;In marcia / fermata / arresto;Conducente;M;Illeso;0;;Esente;Inesistente
1833993;6;07/04/2010 16:35;Strada Urbana;VIA DEI GORDIANI;all'intersezione con;VIA ANAGNI;VIA ANAGNI;;;Scontro laterale fra veicoli in marcia;Incrocio;Due carreggiate;Asciutto;Asfaltata;Verticale ed orizzontale;Sereno;Normale;Buona;Ore Diurne;0;0;0;2;;;-1;1;Autobus di linea;In marcia / fermata / arresto;Conducente;M;Illeso;0;;Non accertato;Inesploso
1833993;6;07/04/2010 16:35;Strada Urbana;VIA DEI GORDIANI;all'intersezione con;VIA ANAGNI;VIA ANAGNI;;;Scontro laterale fra veicoli in marcia;Incrocio;Due carreggiate;Asciutto;Asfaltata;Verticale ed orizzontale;Sereno;Normale;Buona;Ore Diurne;0;0;0;2;;;-1;2;Autovettura privata;In marcia / fermata / arresto;Conducente;M;Illeso;0;;Non accertato;Inesploso
1833994;7;07/04/2010 13:10;Strada Urbana;VIALE PALMIRO TOGLIATTI;in corrispondenza;;del civico n. ;fc405;;Scontro frontale/laterale SX fra veicoli in marcia;Rettilineo;Due carreggiate;Asciutto;Asfaltata;Orizzontale;Sereno;Normale;Buona;Ore Diurne;2;0;0;1;;;-1;1;Autocarro inferiore 35 q.;In marcia / fermata / arresto;Conducente;M;Illeso;0;;Non accertato;Inesistente
1833994;7;07/04/2010 13:10;Strada Urbana;VIALE PALMIRO TOGLIATTI;in corrispondenza;;del civico n. ;fc405;;Scontro frontale/laterale SX fra veicoli in marcia;Rettilineo;Due carreggiate;Asciutto;Asfaltata;Orizzontale;Sereno;Normale;Buona;Ore Diurne;2;0;0;1;;;-1;2;Motociclo a solo;In marcia / fermata / arresto;Conducente;M;Rimandato;0;NON DECEDUTO;Utilizzato;Inesistente
1833994;7;07/04/2010 13:10;Strada Urbana;VIALE PALMIRO TOGLIATTI;in corrispondenza;;del civico n. ;fc405;;Scontro frontale/laterale SX fra veicoli in marcia;Rettilineo;Due carreggiate;Asciutto;Asfaltata;Orizzontale;Sereno;Normale;Buona;Ore Diurne;2;0;0;1;;;-1;3;Ciclomotore;In marcia / fermata / arresto;Conducente;M;Rifiuta cure immediate;0;NON DECEDUTO;Utilizzato;Inesistente
1833995;7;07/04/2010 14:00;Strada Urbana;VIA TOR DE' SCHIAVI;all'intersezione con;VIA DEI FAGGI;VIA DEI FAGGI;;;Investimento di pedone;Incrocio;Una carreggiata a doppio senso;Asciutto;Asfaltata;Orizzontale;Sereno;Normale;Sufficiente;Ore Diurne;1;0;0;1;;;-1;;;;Pedone;F;Rimandato;0;NON DECEDUTO;;
1833995;7;07/04/2010 14:00;Strada Urbana;VIA TOR DE' SCHIAVI;all'intersezione con;VIA DEI FAGGI;VIA DEI FAGGI;;;Investimento di pedone;Incrocio;Una carreggiata a doppio senso;Asciutto;Asfaltata;Orizzontale;Sereno;Normale;Sufficiente;Ore Diurne;1;0;0;1;;;-1;1;Autovettura privata;In marcia / fermata / arresto;Conducente;M;Illeso;0;;Non accertato;Inesploso
1833996;7;07/04/2010 18:30;Strada Urbana;VIA DEI FRASSINI;all'intersezione con;VIA DEGLI ACERI;VIA DEGLI ACERI;;;Scontro laterale fra veicoli in marcia;Incrocio;Una carreggiata a senso unico di marcia;Asciutto;Asfaltata;Verticale ed orizzontale;Sereno;Normale;Buona;Ore Diurne;0;0;0;3;;;-1;1;Autovettura privata;In marcia / fermata / arresto;Conducente;M;Illeso;0;;Non accertato;Inesistente
1833996;7;07/04/2010 18:30;Strada Urbana;VIA DEI FRASSINI;all'intersezione con;VIA DEGLI ACERI;VIA DEGLI ACERI;;;Scontro laterale fra veicoli in marcia;Incrocio;Una carreggiata a senso unico di marcia;Asciutto;Asfaltata;Verticale ed orizzontale;Sereno;Normale;Buona;Ore Diurne;0;0;0;3;;;-1;2;Autovettura privata;In marcia / fermata / arresto;Conducente;F;Illeso;0;;Non accertato;Inesploso
1833996;7;07/04/2010 18:30;Strada Urbana;VIA DEI FRASSINI;all'intersezione con;VIA DEGLI ACERI;VIA DEGLI ACERI;;;Scontro laterale fra veicoli in marcia;Incrocio;Una carreggiata a senso unico di marcia;Asciutto;Asfaltata;Verticale ed orizzontale;Sereno;Normale;Buona;Ore Diurne;0;0;0;3;;;-1;3;Autovettura privata;Sosta;Passeggero;M;Illeso;0;;Non accertato;Inesploso
1833997;8;07/04/2010 06:40;Strada Urbana;VIA PRENESTINA;all'intersezione con;VIA DELL'ACQUA VERGINE;VIA DELL'ACQUA VERGINE;;;Scontro frontale/laterale SX fra veicoli in marcia;Incrocio;Una carreggiata a doppio senso;Asciutto;Asfaltata;Verticale ed orizzontale;Sereno;Normale;Sufficiente;Ore Diurne;0;0;0;1;;;-1;1;Autovettura privata;In marcia / fermata / arresto;Conducente;F;Illeso;0;;Non accertato;Inesistente
1833998;8;07/04/2010 06:45;Strada Urbana;VIALE DELL'ARCHIGINNASIO;da specificare;;;;altezza Piazzale Giovanni Paolo II;Fuoriuscita dalla sede stradale;Curva a visuale libera;Due carreggiate;Asciutto;Asfaltata;Verticale ed orizzontale;Sereno;Normale;Sufficiente;Ore Diurne;1;1;0;0;;;-1;1;Autovettura privata;In marcia / fermata / arresto;Conducente;M;Rimandato;0;NON DECEDUTO;Non accertato;Inesistente
1833998;8;07/04/2010 06:45;Strada Urbana;VIALE DELL'ARCHIGINNASIO;da specificare;;;;altezza Piazzale Giovanni Paolo II;Fuoriuscita dalla sede stradale;Curva a visuale libera;Due carreggiate;Asciutto;Asfaltata;Verticale ed orizzontale;Sereno;Normale;Sufficiente;Ore Diurne;1;1;0;0;;;-1;1;Autovettura privata;In marcia / fermata / arresto;Passeggero;M;Prognosi riservata;0;NON DECEDUTO;Non accertato;Inesistente
1833999;8;07/04/2010 08:20;Strada Urbana;VIA BORGHESIANA;in prossimità;;del civico n. ;300;;Veicolo in marcia contro veicoli in arresto;Rettilineo;Una carreggiata a doppio senso;Asciutto;Asfaltata;Verticale ed orizzontale;Sereno;Normale;Buona;Ore Diurne;0;0;0;5;;;-1;1;Autovettura privata;In marcia / fermata / arresto;Conducente;M;Illeso;0;;Non accertato;Inesploso
1833999;8;07/04/2010 08:20;Strada Urbana;VIA BORGHESIANA;in prossimità;;del civico n. ;300;;Veicolo in marcia contro veicoli in arresto;Rettilineo;Una carreggiata a doppio senso;Asciutto;Asfaltata;Verticale ed orizzontale;Sereno;Normale;Buona;Ore Diurne;0;0;0;5;;;-1;1;Autovettura privata;In marcia / fermata / arresto;Passeggero;M;Illeso;0;;Non accertato;Inesistente
1833999;8;07/04/2010 08:20;Strada Urbana;VIA BORGHESIANA;in prossimità;;del civico n. ;300;;Veicolo in marcia contro veicoli in arresto;Rettilineo;Una carreggiata a doppio senso;Asciutto;Asfaltata;Verticale ed orizzontale;Sereno;Normale;Buona;Ore Diurne;0;0;0;5;;;-1;2;Autocarro inferiore 35 q.;In marcia / fermata / arresto;Conducente;M;Illeso;0;;Non accertato;Inesistente
1833999;8;07/04/2010 08:20;Strada Urbana;VIA BORGHESIANA;in prossimità;;del civico n. ;300;;Veicolo in marcia contro veicoli in arresto;Rettilineo;Una carreggiata a doppio senso;Asciutto;Asfaltata;Verticale ed orizzontale;Sereno;Normale;Buona;Ore Diurne;0;0;0;5;;;-1;2;Autocarro inferiore 35 q.;In marcia / fermata / arresto;Passeggero;M;Illeso;0;;Non accertato;Inesploso
1833999;8;07/04/2010 08:20;Strada Urbana;VIA BORGHESIANA;in prossimità;;del civico n. ;300;;Veicolo in marcia contro veicoli in arresto;Rettilineo;Una carreggiata a doppio senso;Asciutto;Asfaltata;Verticale ed orizzontale;Sereno;Normale;Buona;Ore Diurne;0;0;0;5;;;-1;3;Autobus di linea;In marcia / fermata / arresto;Conducente;M;Illeso;0;;Esente;Inesistente
1834000;8;07/04/2010 08:20;Statale entro l'abitato;VIA CASILINA;all'intersezione con;VIA SILICELLA;VIA SILICELLA;;;Tamponamento;Intersezione stradale segnalata;Una carreggiata a doppio senso;Asciutto;Asfaltata;Verticale ed orizzontale;Sereno;Normale;Buona;Ore Diurne;0;0;0;3;;;-1;1;Autovettura privata;In marcia / fermata / arresto;Conducente;M;Illeso;0;;Non accertato;Inesploso
1834000;8;07/04/2010 08:20;Statale entro l'abitato;VIA CASILINA;all'intersezione con;VIA SILICELLA;VIA SILICELLA;;;Tamponamento;Intersezione stradale segnalata;Una carreggiata a doppio senso;Asciutto;Asfaltata;Verticale ed orizzontale;Sereno;Normale;Buona;Ore Diurne;0;0;0;3;;;-1;1;Autovettura privata;In marcia / fermata / arresto;Passeggero;F;Illeso;0;;Non accertato;Inesistente
1834000;8;07/04/2010 08:20;Statale entro l'abitato;VIA CASILINA;all'intersezione con;VIA SILICELLA;VIA SILICELLA;;;Tamponamento;Intersezione stradale segnalata;Una carreggiata a doppio senso;Asciutto;Asfaltata;Verticale ed orizzontale;Sereno;Normale;Buona;Ore Diurne;0;0;0;3;;;-1;1;Autovettura privata;In marcia / fermata / arresto;Passeggero;M;Illeso;0;;Non accertato;Inesistente
1834001;8;07/04/2010 18:00;Statale entro l'abitato;VIA DEI RUDERI DI TORRENOVA;all'intersezione con;VIA CASILINA;VIA CASILINA;;;Scontro frontale/laterale SX fra veicoli in marcia;Incrocio;Una carreggiata a doppio senso;Asciutto;Asfaltata;Verticale ed orizzontale;Sereno;Intenso;Buona;Ore Diurne;0;0;0;2;;;-1;1;Autovettura privata;In marcia / fermata / arresto;Conducente;F;Illeso;0;;Non accertato;Inesistente
1834001;8;07/04/2010 18:00;Statale entro l'abitato;VIA DEI RUDERI DI TORRENOVA;all'intersezione con;VIA CASILINA;VIA CASILINA;;;Scontro frontale/laterale SX fra veicoli in marcia;Incrocio;Una carreggiata a doppio senso;Asciutto;Asfaltata;Verticale ed orizzontale;Sereno;Intenso;Buona;Ore Diurne;0;0;0;2;;;-1;2;Autovettura privata;In marcia / fermata / arresto;Conducente;M;Illeso;0;;Non accertato;Inesistente
1834002;8;06/04/2010 18:20;Strada Urbana;VIA DELL'USIGNOLO;in prossimità;;del civico n. ;110;;Scontro frontale/laterale SX fra veicoli in marcia;Rettilineo;Una carreggiata a doppio senso;Asciutto;Asfaltata;Orizzontale;Sereno;Normale;Buona;Ore Diurne;2;0;0;1;;;-1;1;Motociclo a solo;In marcia / fermata / arresto;Conducente;M;Rimandato;0;NON DECEDUTO;Non accertato;Inesistente
1834002;8;06/04/2010 18:20;Strada Urbana;VIA DELL'USIGNOLO;in prossimità;;del civico n. ;110;;Scontro frontale/laterale SX fra veicoli in marcia;Rettilineo;Una carreggiata a doppio senso;Asciutto;Asfaltata;Orizzontale;Sereno;Normale;Buona;Ore Diurne;2;0;0;1;;;-1;2;Autovettura privata;In marcia / fermata / arresto;Conducente;F;Illeso;0;;Non utilizzato;Inesistente
1834002;8;06/04/2010 18:20;Strada Urbana;VIA DELL'USIGNOLO;in prossimità;;del civico n. ;110;;Scontro frontale/laterale SX fra veicoli in marcia;Rettilineo;Una carreggiata a doppio senso;Asciutto;Asfaltata;Orizzontale;Sereno;Normale;Buona;Ore Diurne;2;0;0;1;;;-1;3;Motociclo a solo;In marcia / fermata / arresto;Conducente;M;Rimandato;0;NON DECEDUTO;Non utilizzato;Inesistente
1834003;8;07/04/2010 20:45;Strada Urbana;VIA BORGHESIANA;da specificare;;;;200 m. prima di via Barumini;Scontro frontale fra veicoli in marcia;Curva senza visuale libera;Una carreggiata a doppio senso;Asciutto;Asfaltata;Orizzontale;Sereno;Scarso;Sufficiente;Sufficiente;2;0;0;1;;;-1;1;Autovettura privata;In marcia / fermata / arresto;Conducente;M;Illeso;0;;Non accertato;Inesistente
1834003;8;07/04/2010 20:45;Strada Urbana;VIA BORGHESIANA;da specificare;;;;200 m. prima di via Barumini;Scontro frontale fra veicoli in marcia;Curva senza visuale libera;Una carreggiata a doppio senso;Asciutto;Asfaltata;Orizzontale;Sereno;Scarso;Sufficiente;Sufficiente;2;0;0;1;;;-1;2;Autovettura privata;In marcia / fermata / arresto;Conducente;M;Rimandato;0;NON DECEDUTO;Non accertato;Inesistente
1834003;8;07/04/2010 20:45;Strada Urbana;VIA BORGHESIANA;da specificare;;;;200 m. prima di via Barumini;Scontro frontale fra veicoli in marcia;Curva senza visuale libera;Una carreggiata a doppio senso;Asciutto;Asfaltata;Orizzontale;Sereno;Scarso;Sufficiente;Sufficiente;2;0;0;1;;;-1;2;Autovettura privata;In marcia / fermata / arresto;Passeggero;F;Rimandato;0;NON DECEDUTO;Non accertato;Inesistente
1834004;8;08/04/2010 01:30;Strada Urbana;VIA DI TOR BELLA MONACA;da specificare;;;;dir. Casilina 100 m. dopo svincolo via Torrenova;Fuoriuscita dalla sede stradale;Curva senza visuale libera;Due carreggiate;Asciutto;Asfaltata;Verticale ed orizzontale;Sereno;Scarso;Sufficiente;Sufficiente;0;0;0;1;;;-1;1;Autovettura privata;In marcia / fermata / arresto;Conducente;M;Illeso;0;;Non accertato;Inesistente
1834005;9;07/04/2010 08:50;Strada Urbana;VIA ETRURIA;all'intersezione con;VIA IMERA;VIA IMERA;;;Scontro frontale/laterale SX fra veicoli in marcia;Incrocio;Una carreggiata a senso unico di marcia;Asciutto;Asfaltata;Verticale ed orizzontale;Sereno;Normale;Buona;Ore Diurne;1;0;0;2;;;-1;1;Autovettura privata;In marcia / fermata / arresto;Conducente;M;Illeso;0;;Non accertato;Inesistente
1834005;9;07/04/2010 08:50;Strada Urbana;VIA ETRURIA;all'intersezione con;VIA IMERA;VIA IMERA;;;Scontro frontale/laterale SX fra veicoli in marcia;Incrocio;Una carreggiata a senso unico di marcia;Asciutto;Asfaltata;Verticale ed orizzontale;Sereno;Normale;Buona;Ore Diurne;1;0;0;2;;;-1;2;Autovettura privata;In marcia / fermata / arresto;Conducente;M;Illeso;0;;Non accertato;Inesistente
1834005;9;07/04/2010 08:50;Strada Urbana;VIA ETRURIA;all'intersezione con;VIA IMERA;VIA IMERA;;;Scontro frontale/laterale SX fra veicoli in marcia;Incrocio;Una carreggiata a senso unico di marcia;Asciutto;Asfaltata;Verticale ed orizzontale;Sereno;Normale;Buona;Ore Diurne;1;0;0;2;;;-1;3;Motociclo a solo;In marcia / fermata / arresto;Conducente;F;Rimandato;0;NON DECEDUTO;Non accertato;Inesistente
1834006;9;07/04/2010 10:30;Strada Urbana;VIALE CASTRENSE;in prossimità;;del civico n. ;51A;;Scontro laterale fra veicoli in marcia;Rettilineo;Una carreggiata a senso unico di marcia;Asciutto;Asfaltata;Verticale ed orizzontale;Sereno;Normale;Buona;Ore Diurne;1;0;0;2;;;-1;1;Autovettura privata;In marcia / fermata / arresto;Conducente;M;Illeso;0;;Non accertato;Inesploso
1834006;9;07/04/2010 10:30;Strada Urbana;VIALE CASTRENSE;in prossimità;;del civico n. ;51A;;Scontro laterale fra veicoli in marcia;Rettilineo;Una carreggiata a senso unico di marcia;Asciutto;Asfaltata;Verticale ed orizzontale;Sereno;Normale;Buona;Ore Diurne;1;0;0;2;;;-1;1;Autovettura privata;In marcia / fermata / arresto;Passeggero;F;Illeso;0;;Non accertato;Inesistente
1834006;9;07/04/2010 10:30;Strada Urbana;VIALE CASTRENSE;in prossimità;;del civico n. ;51A;;Scontro laterale fra veicoli in marcia;Rettilineo;Una carreggiata a senso unico di marcia;Asciutto;Asfaltata;Verticale ed orizzontale;Sereno;Normale;Buona;Ore Diurne;1;0;0;2;;;-1;2;Motociclo a solo;In marcia / fermata / arresto;Conducente;M;Rimandato;0;NON DECEDUTO;Non accertato;Inesistente
1834007;9;07/04/2010 12:45;Strada Urbana;PIAZZA LODI;in prossimità;;del civico n. ;5;;Scontro laterale fra veicoli in marcia;Curva senza visuale libera;Una carreggiata a senso unico di marcia;Asciutto;Asfaltata;Assente;Sereno;Scarso;Buona;Ore Diurne;0;0;0;2;;;-1;1;Autovettura privata;In marcia / fermata / arresto;Conducente;M;Illeso;0;;Utilizzato;Inesploso
1834007;9;07/04/2010 12:45;Strada Urbana;PIAZZA LODI;in prossimità;;del civico n. ;5;;Scontro laterale fra veicoli in marcia;Curva senza visuale libera;Una carreggiata a senso unico di marcia;Asciutto;Asfaltata;Assente;Sereno;Scarso;Buona;Ore Diurne;0;0;0;2;;;-1;2;Autovettura privata;In marcia / fermata / arresto;Conducente;M;Illeso;0;;Utilizzato;Inesploso
1834008;9;07/04/2010 17:20;Strada Urbana;VIA TUSCOLANA;in prossimità;;del civico n. ;545;;Scontro frontale fra veicoli in marcia;Rettilineo;Due carreggiate;Asciutto;Asfaltata;Assente;Sereno;Normale;Buona;Ore Diurne;0;0;0;3;;;-1;1;Autovettura privata;In marcia / fermata / arresto;Conducente;M;Illeso;0;;Utilizzato;Inesploso
1834008;9;07/04/2010 17:20;Strada Urbana;VIA TUSCOLANA;in prossimità;;del civico n. ;545;;Scontro frontale fra veicoli in marcia;Rettilineo;Due carreggiate;Asciutto;Asfaltata;Assente;Sereno;Normale;Buona;Ore Diurne;0;0;0;3;;;-1;2;Autovettura privata;In marcia / fermata / arresto;Conducente;F;Illeso;0;;Utilizzato;Inesploso
1834008;9;07/04/2010 17:20;Strada Urbana;VIA TUSCOLANA;in prossimità;;del civico n. ;545;;Scontro frontale fra veicoli in marcia;Rettilineo;Due carreggiate;Asciutto;Asfaltata;Assente;Sereno;Normale;Buona;Ore Diurne;0;0;0;3;;;-1;2;Autovettura privata;In marcia / fermata / arresto;Passeggero;M;Illeso;0;;Utilizzato;Inesploso
1834009;9;07/04/2010 23:00;Strada Urbana;VIA APPIA NUOVA;in prossimità;;del civico n. ;541/A;;Tamponamento;Rettilineo;Due carreggiate;Asciutto;Asfaltata;Verticale ed orizzontale;Sereno;Normale;Buona;Sufficiente;1;0;0;2;;;-1;1;Autovettura privata;In marcia / fermata / arresto;Conducente;M;Illeso;0;;Non accertato;Inesistente
1834009;9;07/04/2010 23:00;Strada Urbana;VIA APPIA NUOVA;in prossimità;;del civico n. ;541/A;;Tamponamento;Rettilineo;Due carreggiate;Asciutto;Asfaltata;Verticale ed orizzontale;Sereno;Normale;Buona;Sufficiente;1;0;0;2;;;-1;1;Autovettura privata;In marcia / fermata / arresto;Passeggero;M;Illeso;0;;Non accertato;Inesistente
1834009;9;07/04/2010 23:00;Strada Urbana;VIA APPIA NUOVA;in prossimità;;del civico n. ;541/A;;Tamponamento;Rettilineo;Due carreggiate;Asciutto;Asfaltata;Verticale ed orizzontale;Sereno;Normale;Buona;Sufficiente;1;0;0;2;;;-1;2;Autovettura privata;In marcia / fermata / arresto;Conducente;M;Rifiuta cure immediate;0;NON DECEDUTO;Non accertato;Inesistente
1834010;23;05/04/2010 13:00;Comunale extraurbana;VIA CRISTOFORO COLOMBO;in corrispondenza;;della chilometrica ;20,15;;Tamponamento;Rettilineo;Più di due carreggiate;Asciutto;Asfaltata;Verticale ed orizzontale;Sereno;Normale;Buona;Ore Diurne;0;0;1;4;;;-1;1;Autovettura privata;In marcia / fermata / arresto;Conducente;M;Illeso;0;;Non accertato;Inesploso
1834010;23;05/04/2010 13:00;Comunale extraurbana;VIA CRISTOFORO COLOMBO;in corrispondenza;;della chilometrica ;20,15;;Tamponamento;Rettilineo;Più di due carreggiate;Asciutto;Asfaltata;Verticale ed orizzontale;Sereno;Normale;Buona;Ore Diurne;0;0;1;4;;;-1;1;Autovettura privata;In marcia / fermata / arresto;Passeggero;M;Illeso;0;;Non accertato;Inesploso
1834010;23;05/04/2010 13:00;Comunale extraurbana;VIA CRISTOFORO COLOMBO;in corrispondenza;;della chilometrica ;20,15;;Tamponamento;Rettilineo;Più di due carreggiate;Asciutto;Asfaltata;Verticale ed orizzontale;Sereno;Normale;Buona;Ore Diurne;0;0;1;4;;;-1;1;Autovettura privata;In marcia / fermata / arresto;Passeggero;M;Illeso;0;;Non accertato;Inesistente
1834010;23;05/04/2010 13:00;Comunale extraurbana;VIA CRISTOFORO COLOMBO;in corrispondenza;;della chilometrica ;20,15;;Tamponamento;Rettilineo;Più di due carreggiate;Asciutto;Asfaltata;Verticale ed orizzontale;Sereno;Normale;Buona;Ore Diurne;0;0;1;4;;;-1;1;Autovettura privata;In marcia / fermata / arresto;Passeggero;M;Illeso;0;;Non accertato;Inesploso
1834010;23;05/04/2010 13:00;Comunale extraurbana;VIA CRISTOFORO COLOMBO;in corrispondenza;;della chilometrica ;20,15;;Tamponamento;Rettilineo;Più di due carreggiate;Asciutto;Asfaltata;Verticale ed orizzontale;Sereno;Normale;Buona;Ore Diurne;0;0;1;4;;;-1;2;Velocipede;In marcia / fermata / arresto;Conducente;M;Deceduto durante trasporto;-1;;Non accertato;Inesistente