Protocollo;Gruppo;DataOraIncidente;Localizzazione1;STRADA1;Localizzazione2;STRADA2;Strada02;Chilometrica;DaSpecificare;NaturaIncidente;particolaritastrade;TipoStrada;FondoStradale;Pavimentazione;Segnaletica;CondizioneAtmosferica;Traffico;Visibilita;Illuminazione;NUM_FERITI;NUM_RISERVATA;NUM_MORTI;NUM_ILLESI;Longitudine;Latitudine;Confermato;Progressivo;TipoVeicolo;StatoVeicolo;TipoPersona;Sesso;Tipolesione;Deceduto;DecedutoDopo;CinturaCascoUtilizzato;Airbag
1834972;11;10/04/2010;Strada Urbana;VIA ATTILIO AMBROSINI;all'intersezione semaforizzata con;VIA ACCADEMIA DEGLI AGIATI;VIA ACCADEMIA DEGLI AGIATI;;;Scontro frontale/laterale DX fra veicoli in marcia;Intersezione semaforizzata;Due carreggiate;Asciutto;Asfaltata;Verticale ed orizzontale;Sereno;Scarso;Sufficiente;Sufficiente;1;0;0;0;;;-1;1;Autovettura privata;In marcia / fermata / arresto;Conducente;M;Rimandato;0;NON DECEDUTO;Non accertato;Inesistente
1834973;11;15/04/2010 09:45;Strada Urbana;PIAZZA BARTOLOMEO ROMANO;all'intersezione con;VIA LUIGI FINCATI;VIA LUIGI FINCATI;;;Scontro laterale fra veicoli in marcia;Incrocio;Una carreggiata a doppio senso;Asciutto;Asfaltata;Verticale ed orizzontale;Nuvoloso;Normale;Buona;Ore Diurne;0;0;0;2;;;-1;1;Autovettura privata;In marcia / fermata / arresto;Conducente;M;Illeso;0;;Non accertato;Inesistente
1834973;11;15/04/2010 09:45;Strada Urbana;PIAZZA BARTOLOMEO ROMANO;all'intersezione con;VIA LUIGI FINCATI;VIA LUIGI FINCATI;;;Scontro laterale fra veicoli in marcia;Incrocio;Una carreggiata a doppio senso;Asciutto;Asfaltata;Verticale ed orizzontale;Nuvoloso;Normale;Buona;Ore Diurne;0;0;0;2;;;-1;2;Autovettura privata;In marcia / fermata / arresto;Conducente;M;Illeso;0;;Non accertato;Inesistente
1834974;11;15/04/2010 18:45;Strada Urbana;VIA GABRIELLO CHIABRERA;all'intersezione con;VIA PIETRO GIORDANI;VIA PIETRO GIORDANI;;;Tamponamento;Incrocio;Due carreggiate;Asciutto;Asfaltata;Verticale ed orizzontale;Sereno;Normale;Buona;Ore Diurne;0;0;0;2;;;-1;1;Autovettura privata;In marcia / fermata / arresto;Conducente;M;Illeso;0;;Non accertato;Inesistente
1834974;11;15/04/2010 18:45;Strada Urbana;VIA GABRIELLO CHIABRERA;all'intersezione con;VIA PIETRO GIORDANI;VIA PIETRO GIORDANI;;;Tamponamento;Incrocio;Due carreggiate;Asciutto;Asfaltata;Verticale ed orizzontale;Sereno;Normale;Buona;Ore Diurne;0;0;0;2;;;-1;2;Autovettura privata;In marcia / fermata / arresto;Conducente;M;Illeso;0;;Non accertato;Inesistente
1834975;13;17/04/2010 09:10;Strada Urbana;LARGO GIOVANNI RONCAGLI;all'intersezione con;VIA CESARE LAURENTI;VIA CESARE LAURENTI;;;Scontro frontale/laterale DX fra veicoli in marcia;Incrocio;Una carreggiata a senso unico di marcia;Asciutto;Asfaltata;Verticale ed orizzontale;Nuvoloso;Scarso;Buona;Ore Diurne;0;0;0;4;;;-1;1;Autovettura privata;In marcia / fermata / arresto;Conducente;F;Illeso;0;;Non accertato;Inesploso
1834975;13;17/04/2010 09:10;Strada Urbana;LARGO GIOVANNI RONCAGLI;all'intersezione con;VIA CESARE LAURENTI;VIA CESARE LAURENTI;;;Scontro frontale/laterale DX fra veicoli in marcia;Incrocio;Una carreggiata a senso unico di marcia;Asciutto;Asfaltata;Verticale ed orizzontale;Nuvoloso;Scarso;Buona;Ore Diurne;0;0;0;4;;;-1;2;Autovettura privata;In marcia / fermata / arresto;Conducente;M;Illeso;0;;Non accertato;Inesploso
1834975;13;17/04/2010 09:10;Strada Urbana;LARGO GIOVANNI RONCAGLI;all'intersezione con;VIA CESARE LAURENTI;VIA CESARE LAURENTI;;;Scontro frontale/laterale DX fra veicoli in marcia;Incrocio;Una carreggiata a senso unico di marcia;Asciutto;Asfaltata;Verticale ed orizzontale;Nuvoloso;Scarso;Buona;Ore Diurne;0;0;0;4;;;-1;2;Autovettura privata;In marcia / fermata / arresto;Passeggero;M;Illeso;0;;Non accertato;Inesploso
1834975;13;17/04/2010 09:10;Strada Urbana;LARGO GIOVANNI RONCAGLI;all'intersezione con;VIA CESARE LAURENTI;VIA CESARE LAURENTI;;;Scontro frontale/laterale DX fra veicoli in marcia;Incrocio;Una carreggiata a senso unico di marcia;Asciutto;Asfaltata;Verticale ed orizzontale;Nuvoloso;Scarso;Buona;Ore Diurne;0;0;0;4;;;-1;2;Autovettura privata;In marcia / fermata / arresto;Passeggero;M;Illeso;0;;Non accertato;Inesploso
1834976;13;17/04/2010 09:30;Strada Urbana;VIA DEI BRAGOZZI;all'intersezione con;VIA DELLA PARANZELLA;VIA DELLA PARANZELLA;;;Scontro frontale/laterale SX fra veicoli in marcia;Incrocio;Due carreggiate;Asciutto;Asfaltata;Verticale ed orizzontale;Nuvoloso;Intenso;Buona;Ore Diurne;1;0;0;1;;;-1;1;Autovettura privata;In marcia / fermata / arresto;Conducente;M;Rimandato;0;NON DECEDUTO;Utilizzato;Inesistente
1834976;13;17/04/2010 09:30;Strada Urbana;VIA DEI BRAGOZZI;all'intersezione con;VIA DELLA PARANZELLA;VIA DELLA PARANZELLA;;;Scontro frontale/laterale SX fra veicoli in marcia;Incrocio;Due carreggiate;Asciutto;Asfaltata;Verticale ed orizzontale;Nuvoloso;Intenso;Buona;Ore Diurne;1;0;0;1;;;-1;2;Autovettura privata;In marcia / fermata / arresto;Conducente;M;Illeso;0;;Utilizzato;Inesistente
1834977;13;17/04/2010 14:30;Strada Urbana;VIA ARISTIDE CARABELLI;in prossimità;;del civico n. ;117;;Veicolo in marcia contro veicoli fermi;Rettilineo;Due carreggiate;Asciutto;Asfaltata;Orizzontale;Nuvoloso;Normale;Buona;Ore Diurne;0;0;0;1;;;-1;1;Autovettura privata;In marcia / fermata / arresto;Conducente;M;Illeso;0;;Non accertato;Inesistente
1834978;13;17/04/2010 16:00;Strada Urbana;PIAZZA TOLOSETTO FARINATI DEGLI UBERTI;all'intersezione con;VIA CARLO DEL GRECO;VIA CARLO DEL GRECO;;;Scontro frontale/laterale DX fra veicoli in marcia;Intersezione stradale segnalata;Una carreggiata a doppio senso;Asciutto;Asfaltata;Verticale ed orizzontale;Sereno;Normale;Buona;Ore Diurne;0;0;0;2;;;-1;1;Autovettura privata;In marcia / fermata / arresto;Conducente;M;Illeso;0;;Non accertato;Inesistente
1834978;13;17/04/2010 16:00;Strada Urbana;PIAZZA TOLOSETTO FARINATI DEGLI UBERTI;all'intersezione con;VIA CARLO DEL GRECO;VIA CARLO DEL GRECO;;;Scontro frontale/laterale DX fra veicoli in marcia;Intersezione stradale segnalata;Una carreggiata a doppio senso;Asciutto;Asfaltata;Verticale ed orizzontale;Sereno;Normale;Buona;Ore Diurne;0;0;0;2;;;-1;2;Autovettura privata;In marcia / fermata / arresto;Conducente;M;Illeso;0;;Non accertato;Inesistente
1834979;13;17/04/2010 16:20;Strada Urbana;CORSO DUCA DI GENOVA;all'intersezione con;VIA DEGLI ALDOBRANDINI;VIA DEGLI ALDOBRANDINI;;;Scontro laterale fra veicoli in marcia;Incrocio;Una carreggiata a doppio senso;Asciutto;Asfaltata;Assente;Sereno;Normale;Buona;Ore Diurne;0;0;0;3;;;-1;1;Autovettura privata;In marcia / fermata / arresto;Conducente;M;Illeso;0;;Utilizzato;Inesploso
1834979;13;17/04/2010 16:20;Strada Urbana;CORSO DUCA DI GENOVA;all'intersezione con;VIA DEGLI ALDOBRANDINI;VIA DEGLI ALDOBRANDINI;;;Scontro laterale fra veicoli in marcia;Incrocio;Una carreggiata a doppio senso;Asciutto;Asfaltata;Assente;Sereno;Normale;Buona;Ore Diurne;0;0;0;3;;;-1;2;Autovettura privata;In marcia / fermata / arresto;Conducente;M;Illeso;0;;Utilizzato;Inesistente
1834979;13;17/04/2010 16:20;Strada Urbana;CORSO DUCA DI GENOVA;all'intersezione con;VIA DEGLI ALDOBRANDINI;VIA DEGLI ALDOBRANDINI;;;Scontro laterale fra veicoli in marcia;Incrocio;Una carreggiata a doppio senso;Asciutto;Asfaltata;Assente;Sereno;Normale;Buona;Ore Diurne;0;0;0;3;;;-1;2;Autovettura privata;In marcia / fermata / arresto;Passeggero;F;Illeso;0;;Non accertato;Inesistente
1834980;13;17/04/2010 16:30;Strada Urbana;VIA PIETRO ROSA;all'intersezione con;CORSO REGINA MARIA PIA;CORSO REGINA MARIA PIA;;;Scontro frontale/laterale SX fra veicoli in marcia;Incrocio;Una carreggiata a doppio senso;Asciutto;Asfaltata;Verticale ed orizzontale;Sereno;Normale;Buona;Ore Diurne;2;0;0;2;;;-1;1;Autovettura privata;In marcia / fermata / arresto;Conducente;F;Illeso;0;;Non accertato;Inesistente
1834980;13;17/04/2010 16:30;Strada Urbana;VIA PIETRO ROSA;all'intersezione con;CORSO REGINA MARIA PIA;CORSO REGINA MARIA PIA;;;Scontro frontale/laterale SX fra veicoli in marcia;Incrocio;Una carreggiata a doppio senso;Asciutto;Asfaltata;Verticale ed orizzontale;Sereno;Normale;Buona;Ore Diurne;2;0;0;2;;;-1;2;Autovettura privata;In marcia / fermata / arresto;Conducente;M;Rimandato;0;NON DECEDUTO;Non accertato;Inesistente
1834980;13;17/04/2010 16:30;Strada Urbana;VIA PIETRO ROSA;all'intersezione con;CORSO REGINA MARIA PIA;CORSO REGINA MARIA PIA;;;Scontro frontale/laterale SX fra veicoli in marcia;Incrocio;Una carreggiata a doppio senso;Asciutto;Asfaltata;Verticale ed orizzontale;Sereno;Normale;Buona;Ore Diurne;2;0;0;2;;;-1;3;Autovettura privata;In marcia / fermata / arresto;Conducente;M;Rimandato;0;NON DECEDUTO;Non accertato;Inesistente
1834980;13;17/04/2010 16:30;Strada Urbana;VIA PIETRO ROSA;all'intersezione con;CORSO REGINA MARIA PIA;CORSO REGINA MARIA PIA;;;Scontro frontale/laterale SX fra veicoli in marcia;Incrocio;Una carreggiata a doppio senso;Asciutto;Asfaltata;Verticale ed orizzontale;Sereno;Normale;Buona;Ore Diurne;2;0;0;2;;;-1;4;Autovettura privata;In marcia / fermata / arresto;Conducente;M;Illeso;0;;Non accertato;Inesistente
1834981;13;17/04/2010 19:15;Strada Urbana;VIALE DEI PROMONTORI;da specificare;;;;IN PROSSIMITA' DI VIA CAPO DELL'ARGENTIERA;Veicolo in marcia contro veicolo in sosta;Rettilineo;Una carreggiata a doppio senso;Asciutto;Asfaltata;Verticale ed orizzontale;Sereno;Normale;Buona;Ore Diurne;1;0;0;0;;;-1;1;Quadriciclo leggero;In marcia / fermata / arresto;Conducente;M;Rimandato;0;NON DECEDUTO;Non accertato;Inesistente
1834982;13;17/04/2010 19:40;Strada Urbana;VIA DELLE QUINQUEREMI;all'intersezione con;VIA DEI PALISCHERMI;VIA DEI PALISCHERMI;;;Scontro frontale/laterale SX fra veicoli in marcia;Incrocio;Una carreggiata a senso unico di marcia;Asciutto;Asfaltata;Verticale ed orizzontale;Sereno;Scarso;Buona;Sufficiente;1;0;0;1;;;-1;1;Autovettura privata;In marcia / fermata / arresto;Conducente;M;Illeso;0;;Utilizzato;Inesploso
1834982;13;17/04/2010 19:40;Strada Urbana;VIA DELLE QUINQUEREMI;all'intersezione con;VIA DEI PALISCHERMI;VIA DEI PALISCHERMI;;;Scontro frontale/laterale SX fra veicoli in marcia;Incrocio;Una carreggiata a senso unico di marcia;Asciutto;Asfaltata;Verticale ed orizzontale;Sereno;Scarso;Buona;Sufficiente;1;0;0;1;;;-1;2;Motociclo a solo;In marcia / fermata / arresto;Conducente;M;Rimandato;0;NON DECEDUTO;Utilizzato;Inesistente
1834983;13;17/04/2010 21:00;Strada Urbana;VIALE DI CASTEL PORZIANO;all'intersezione con;VIA FRANCESCO CILEA;VIA FRANCESCO CILEA;;;Scontro frontale/laterale SX fra veicoli in marcia;Incrocio;Una carreggiata a doppio senso;Asciutto;Asfaltata;Verticale;Sereno;Normale;Buona;Sufficiente;1;0;0;1;;;-1;1;Autovettura privata;In marcia / fermata / arresto;Conducente;F;Rimandato;0;NON DECEDUTO;Non accertato;Inesistente
1834983;13;17/04/2010 21:00;Strada Urbana;VIALE DI CASTEL PORZIANO;all'intersezione con;VIA FRANCESCO CILEA;VIA FRANCESCO CILEA;;;Scontro frontale/laterale SX fra veicoli in marcia;Incrocio;Una carreggiata a doppio senso;Asciutto;Asfaltata;Verticale;Sereno;Normale;Buona;Sufficiente;1;0;0;1;;;-1;2;Autovettura privata;In marcia / fermata / arresto;Conducente;M;Illeso;0;;Non accertato;Inesistente
1834984;13;18/04/2010 02:15;Strada Urbana;VIA OSTIENSE;all'intersezione con;VIA DELLE AZZORRE;VIA DELLE AZZORRE;;;Scontro laterale fra veicoli in marcia;Intersezione semaforizzata;Una carreggiata a doppio senso;Asciutto;Asfaltata;Verticale ed orizzontale;Sereno;Scarso;Insufficiente;Sufficiente;4;0;0;4;;;-1;1;Autovettura privata;In marcia / fermata / arresto;Conducente;M;Illeso;0;;Non accertato;Esploso
1834984;13;18/04/2010 02:15;Strada Urbana;VIA OSTIENSE;all'intersezione con;VIA DELLE AZZORRE;VIA DELLE AZZORRE;;;Scontro laterale fra veicoli in marcia;Intersezione semaforizzata;Una carreggiata a doppio senso;Asciutto;Asfaltata;Verticale ed orizzontale;Sereno;Scarso;Insufficiente;Sufficiente;4;0;0;4;;;-1;1;Autovettura privata;In marcia / fermata / arresto;Passeggero;F;Illeso;0;;Non accertato;Inesistente
1834984;13;18/04/2010 02:15;Strada Urbana;VIA OSTIENSE;all'intersezione con;VIA DELLE AZZORRE;VIA DELLE AZZORRE;;;Scontro laterale fra veicoli in marcia;Intersezione semaforizzata;Una carreggiata a doppio senso;Asciutto;Asfaltata;Verticale ed orizzontale;Sereno;Scarso;Insufficiente;Sufficiente;4;0;0;4;;;-1;2;Autovettura privata;In marcia / fermata / arresto;Conducente;M;Rimandato;0;NON DECEDUTO;Non accertato;Inesistente
1834984;13;18/04/2010 02:15;Strada Urbana;VIA OSTIENSE;all'intersezione con;VIA DELLE AZZORRE;VIA DELLE AZZORRE;;;Scontro laterale fra veicoli in marcia;Intersezione semaforizzata;Una carreggiata a doppio senso;Asciutto;Asfaltata;Verticale ed orizzontale;Sereno;Scarso;Insufficiente;Sufficiente;4;0;0;4;;;-1;2;Autovettura privata;In marcia / fermata / arresto;Passeggero;F;Rimandato;0;NON DECEDUTO;Non accertato;Inesistente
1834984;13;18/04/2010 02:15;Strada Urbana;VIA OSTIENSE;all'intersezione con;VIA DELLE AZZORRE;VIA DELLE AZZORRE;;;Scontro laterale fra veicoli in marcia;Intersezione semaforizzata;Una carreggiata a doppio senso;Asciutto;Asfaltata;Verticale ed orizzontale;Sereno;Scarso;Insufficiente;Sufficiente;4;0;0;4;;;-1;3;Autovettura privata;In marcia / fermata / arresto;Conducente;M;Rimandato;0;NON DECEDUTO;Non accertato;Inesistente
1834984;13;18/04/2010 02:15;Strada Urbana;VIA OSTIENSE;all'intersezione con;VIA DELLE AZZORRE;VIA DELLE AZZORRE;;;Scontro laterale fra veicoli in marcia;Intersezione semaforizzata;Una carreggiata a doppio senso;Asciutto;Asfaltata;Verticale ed orizzontale;Sereno;Scarso;Insufficiente;Sufficiente;4;0;0;4;;;-1;3;Autovettura privata;In marcia / fermata / arresto;Passeggero;M;Rimandato;0;NON DECEDUTO;Non accertato;Inesistente
1834984;13;18/04/2010 02:15;Strada Urbana;VIA OSTIENSE;all'intersezione con;VIA DELLE AZZORRE;VIA DELLE AZZORRE;;;Scontro laterale fra veicoli in marcia;Intersezione semaforizzata;Una carreggiata a doppio senso;Asciutto;Asfaltata;Verticale ed orizzontale;Sereno;Scarso;Insufficiente;Sufficiente;4;0;0;4;;;-1;3;Autovettura privata;In marcia / fermata / arresto;Passeggero;F;Illeso;0;;Non accertato;Inesistente
1834985;16;15/04/2010 13:05;Strada Urbana;PIAZZALE ENRICO DUNANT;in corrispondenza;;del civico n. ;28;;Investimento di pedone;Rettilineo;Una carreggiata a doppio senso;Asciutto;Asfaltata;Verticale ed orizzontale;Sereno;Normale;Buona;Ore Diurne;1;0;0;1;;;-1;;;;Pedone;M;Rimandato;0;NON DECEDUTO;;
1834985;16;15/04/2010 13:05;Strada Urbana;PIAZZALE ENRICO DUNANT;in corrispondenza;;del civico n. ;28;;Investimento di pedone;Rettilineo;Una carreggiata a doppio senso;Asciutto;Asfaltata;Verticale ed orizzontale;Sereno;Normale;Buona;Ore Diurne;1;0;0;1;;;-1;1;Motociclo con passeggero;In marcia / fermata / arresto;Conducente;M;Illeso;0;;Non accertato;Inesistente
1834986;16;15/04/2010 15:50;Strada Urbana;VIA EDOARDO JENNER;all'intersezione con;VIA DELLA TRASFIGURAZIONE;VIA DELLA TRASFIGURAZIONE;;;Infortunio per caduta del veicolo;Incrocio;Una carreggiata a doppio senso;Asciutto;Asfaltata;Verticale ed orizzontale;Sereno;Normale;Buona;Ore Diurne;1;0;0;2;;;-1;1;Autovettura privata;In marcia / fermata / arresto;Conducente;F;Illeso;0;;Non accertato;Inesistente
1834986;16;15/04/2010 15:50;Strada Urbana;VIA EDOARDO JENNER;all'intersezione con;VIA DELLA TRASFIGURAZIONE;VIA DELLA TRASFIGURAZIONE;;;Infortunio per caduta del veicolo;Incrocio;Una carreggiata a doppio senso;Asciutto;Asfaltata;Verticale ed orizzontale;Sereno;Normale;Buona;Ore Diurne;1;0;0;2;;;-1;2;Motociclo con passeggero;In marcia / fermata / arresto;Conducente;M;Illeso;0;;Non accertato;Inesistente
1834986;16;15/04/2010 15:50;Strada Urbana;VIA EDOARDO JENNER;all'intersezione con;VIA DELLA TRASFIGURAZIONE;VIA DELLA TRASFIGURAZIONE;;;Infortunio per caduta del veicolo;Incrocio;Una carreggiata a doppio senso;Asciutto;Asfaltata;Verticale ed orizzontale;Sereno;Normale;Buona;Ore Diurne;1;0;0;2;;;-1;2;Motociclo con passeggero;In marcia / fermata / arresto;Passeggero;M;Rimandato;0;NON DECEDUTO;Non accertato;Inesistente
1834987;18;16/04/2010 21:55;Strada Urbana;VIA DI BOCCEA;all'intersezione con;VIA NAZARETH;VIA NAZARETH;;;Scontro frontale fra veicoli in marcia;Intersezione semaforizzata;Una carreggiata a senso unico di marcia;Asciutto;Asfaltata;Verticale ed orizzontale;Sereno;Normale;Buona;Sufficiente;3;0;0;0;;;-1;1;Motociclo a solo;In marcia / fermata / arresto;Conducente;M;Rimandato;0;NON DECEDUTO;Utilizzato;Inesistente
1834987;18;16/04/2010 21:55;Strada Urbana;VIA DI BOCCEA;all'intersezione con;VIA NAZARETH;VIA NAZARETH;;;Scontro frontale fra veicoli in marcia;Intersezione semaforizzata;Una carreggiata a senso unico di marcia;Asciutto;Asfaltata;Verticale ed orizzontale;Sereno;Normale;Buona;Sufficiente;3;0;0;0;;;-1;1;Motociclo a solo;In marcia / fermata / arresto;Passeggero;F;Rimandato;0;NON DECEDUTO;Utilizzato;Inesistente
1834987;18;16/04/2010 21:55;Strada Urbana;VIA DI BOCCEA;all'intersezione con;VIA NAZARETH;VIA NAZARETH;;;Scontro frontale fra veicoli in marcia;Intersezione semaforizzata;Una carreggiata a senso unico di marcia;Asciutto;Asfaltata;Verticale ed orizzontale;Sereno;Normale;Buona;Sufficiente;3;0;0;0;;;-1;2;Autovettura privata;In marcia / fermata / arresto;Conducente;M;Rimandato;0;NON DECEDUTO;Non accertato;Inesploso
1834988;18;17/04/2010 17:50;Strada Urbana;VIA CORTEMILIA;in prossimità;;del civico n. ;71;;Veicolo in marcia contro veicoli fermi;Rettilineo;Una carreggiata a doppio senso;Asciutto;Asfaltata;Assente;Nuvoloso;Scarso;Buona;Ore Diurne;0;0;0;1;;;-1;1;Autovettura privata;In marcia / fermata / arresto;Conducente;F;Illeso;0;;Non accertato;Inesploso
1834989;18;18/04/2010 10:30;Strada Urbana;PIAZZA DEI GIURECONSULTI;all'intersezione semaforizzata con;VIA DI BOCCEA;VIA DI BOCCEA;;;Scontro laterale fra veicoli in marcia;Intersezione semaforizzata;Più di due carreggiate;Asciutto;Asfaltata;Verticale ed orizzontale;Sereno;Scarso;Buona;Ore Diurne;1;0;0;1;;;-1;1;Autovettura privata;In marcia / fermata / arresto;Conducente;M;Illeso;0;;Non accertato;Inesploso
1834989;18;18/04/2010 10:30;Strada Urbana;PIAZZA DEI GIURECONSULTI;all'intersezione semaforizzata con;VIA DI BOCCEA;VIA DI BOCCEA;;;Scontro laterale fra veicoli in marcia;Intersezione semaforizzata;Più di due carreggiate;Asciutto;Asfaltata;Verticale ed orizzontale;Sereno;Scarso;Buona;Ore Diurne;1;0;0;1;;;-1;2;Ciclomotore;In marcia / fermata / arresto;Conducente;F;Rifiuta cure immediate;0;NON DECEDUTO;Non accertato;Inesistente
1834990;2;16/04/2010 08:30;Strada Urbana;LUNGOTEVERE GRANDE A.GLIO THAON DI REVEL;da specificare;;;;in corrispondenza di piazza cardinal consalvi;Scontro laterale fra veicoli in marcia;Rettilineo;Una carreggiata a doppio senso;Asciutto;Asfaltata;Verticale ed orizzontale;Sereno;Normale;Buona;Ore Diurne;0;0;0;2;;;-1;1;Autovettura privata;In marcia / fermata / arresto;Conducente;M;Illeso;0;;Non accertato;Inesistente
1834990;2;16/04/2010 08:30;Strada Urbana;LUNGOTEVERE GRANDE A.GLIO THAON DI REVEL;da specificare;;;;in corrispondenza di piazza cardinal consalvi;Scontro laterale fra veicoli in marcia;Rettilineo;Una carreggiata a doppio senso;Asciutto;Asfaltata;Verticale ed orizzontale;Sereno;Normale;Buona;Ore Diurne;0;0;0;2;;;-1;2;Autocarro superiore 35 q.;In marcia / fermata / arresto;Conducente;M;Illeso;0;;Non accertato;Inesistente
1834991;2;16/04/2010 17:40;Strada Urbana;VIA PO;all'intersezione con;VIA GIOVANNI SGAMBATI;VIA GIOVANNI SGAMBATI;;;Scontro frontale/laterale SX fra veicoli in marcia;Intersezione stradale segnalata;Una carreggiata a doppio senso;Asciutto;Asfaltata;Verticale ed orizzontale;Sereno;Normale;Buona;Ore Diurne;0;0;0;2;;;-1;1;Motociclo a solo;In marcia / fermata / arresto;Conducente;M;Illeso;0;;Non accertato;Inesistente
1834991;2;16/04/2010 17:40;Strada Urbana;VIA PO;all'intersezione con;VIA GIOVANNI SGAMBATI;VIA GIOVANNI SGAMBATI;;;Scontro frontale/laterale SX fra veicoli in marcia;Intersezione stradale segnalata;Una carreggiata a doppio senso;Asciutto;Asfaltata;Verticale ed orizzontale;Sereno;Normale;Buona;Ore Diurne;0;0;0;2;;;-1;2;Autovettura privata;In marcia / fermata / arresto;Conducente;M;Illeso;0;;Non accertato;Inesistente
1834992;2;16/04/2010 23:50;Strada Urbana;CORSO D'ITALIA;in prossimità;;del civico n. ;37;;Tamponamento;Rettilineo;Una carreggiata a senso unico di marcia;Asciutto;Asfaltata;Verticale ed orizzontale;Sereno;Scarso;Sufficiente;Sufficiente;0;0;0;3;;;-1;1;Autovettura privata;In marcia / fermata / arresto;Conducente;M;Illeso;0;;Non accertato;Inesistente
1834992;2;16/04/2010 23:50;Strada Urbana;CORSO D'ITALIA;in prossimità;;del civico n. ;37;;Tamponamento;Rettilineo;Una carreggiata a senso unico di marcia;Asciutto;Asfaltata;Verticale ed orizzontale;Sereno;Scarso;Sufficiente;Sufficiente;0;0;0;3;;;-1;1;Autovettura privata;In marcia / fermata / arresto;Passeggero;F;Illeso;0;;Non accertato;Inesistente
1834992;2;16/04/2010 23:50;Strada Urbana;CORSO D'ITALIA;in prossimità;;del civico n. ;37;;Tamponamento;Rettilineo;Una carreggiata a senso unico di marcia;Asciutto;Asfaltata;Verticale ed orizzontale;Sereno;Scarso;Sufficiente;Sufficiente;0;0;0;3;;;-1;2;Autovettura privata;In marcia / fermata / arresto;Conducente;M;Illeso;0;;Non accertato;Inesistente
1834993;2;17/04/2010 15:20;Strada Urbana;VIA PINCIANA;in prossimità;;del civico n. ;81;;Scontro frontale/laterale SX fra veicoli in marcia;Rettilineo;Una carreggiata a doppio senso;Asciutto;Asfaltata;Orizzontale;Nuvoloso;Normale;Buona;Ore Diurne;0;0;0;6;;;-1;1;Autovettura privata;In marcia / fermata / arresto;Conducente;M;Illeso;0;;Non accertato;Inesploso
1834993;2;17/04/2010 15:20;Strada Urbana;VIA PINCIANA;in prossimità;;del civico n. ;81;;Scontro frontale/laterale SX fra veicoli in marcia;Rettilineo;Una carreggiata a doppio senso;Asciutto;Asfaltata;Orizzontale;Nuvoloso;Normale;Buona;Ore Diurne;0;0;0;6;;;-1;1;Autovettura privata;In marcia / fermata / arresto;Passeggero;M;Illeso;0;;Non accertato;Inesistente
1834993;2;17/04/2010 15:20;Strada Urbana;VIA PINCIANA;in prossimità;;del civico n. ;81;;Scontro frontale/laterale SX fra veicoli in marcia;Rettilineo;Una carreggiata a doppio senso;Asciutto;Asfaltata;Orizzontale;Nuvoloso;Normale;Buona;Ore Diurne;0;0;0;6;;;-1;1;Autovettura privata;In marcia / fermata / arresto;Passeggero;F;Illeso;0;;Non accertato;Inesistente
1834993;2;17/04/2010 15:20;Strada Urbana;VIA PINCIANA;in prossimità;;del civico n. ;81;;Scontro frontale/laterale SX fra veicoli in marcia;Rettilineo;Una carreggiata a doppio senso;Asciutto;Asfaltata;Orizzontale;Nuvoloso;Normale;Buona;Ore Diurne;0;0;0;6;;;-1;2;Autovettura privata;In marcia / fermata / arresto;Conducente;F;Illeso;0;;Non accertato;Inesploso
1834993;2;17/04/2010 15:20;Strada Urbana;VIA PINCIANA;in prossimità;;del civico n. ;81;;Scontro frontale/laterale SX fra veicoli in marcia;Rettilineo;Una carreggiata a doppio senso;Asciutto;Asfaltata;Orizzontale;Nuvoloso;Normale;Buona;Ore Diurne;0;0;0;6;;;-1;2;Autovettura privata;In marcia / fermata / arresto;Passeggero;M;Illeso;0;;Non accertato;Inesploso
1834993;2;17/04/2010 15:20;Strada Urbana;VIA PINCIANA;in prossimità;;del civico n. ;81;;Scontro frontale/laterale SX fra veicoli in marcia;Rettilineo;Una carreggiata a doppio senso;Asciutto;Asfaltata;Orizzontale;Nuvoloso;Normale;Buona;Ore Diurne;0;0;0;6;;;-1;2;Autovettura privata;In marcia / fermata / arresto;Passeggero;F;Illeso;0;;Non accertato;Inesistente
1834994;2;17/04/2010 17:45;Strada Urbana;VIA CHIANA;all'intersezione con;VIA RENO;VIA RENO;;;Scontro frontale/laterale DX fra veicoli in marcia;Intersezione stradale segnalata;Due carreggiate;Asciutto;Asfaltata;Orizzontale;Nuvoloso;Normale;Buona;Ore Diurne;0;0;0;4;;;-1;1;Autovettura privata;In marcia / fermata / arresto;Conducente;M;Illeso;0;;Non accertato;Inesploso
1834994;2;17/04/2010 17:45;Strada Urbana;VIA CHIANA;all'intersezione con;VIA RENO;VIA RENO;;;Scontro frontale/laterale DX fra veicoli in marcia;Intersezione stradale segnalata;Due carreggiate;Asciutto;Asfaltata;Orizzontale;Nuvoloso;Normale;Buona;Ore Diurne;0;0;0;4;;;-1;2;Autovettura privata;In marcia / fermata / arresto;Conducente;M;Illeso;0;;Non accertato;Inesploso
1834994;2;17/04/2010 17:45;Strada Urbana;VIA CHIANA;all'intersezione con;VIA RENO;VIA RENO;;;Scontro frontale/laterale DX fra veicoli in marcia;Intersezione stradale segnalata;Due carreggiate;Asciutto;Asfaltata;Orizzontale;Nuvoloso;Normale;Buona;Ore Diurne;0;0;0;4;;;-1;2;Autovettura privata;In marcia / fermata / arresto;Passeggero;F;Illeso;0;;Non accertato;Inesploso