Protocollo;Gruppo;DataOraIncidente;Localizzazione1;STRADA1;Localizzazione2;STRADA2;Strada02;Chilometrica;DaSpecificare;NaturaIncidente;particolaritastrade;TipoStrada;FondoStradale;Pavimentazione;Segnaletica;CondizioneAtmosferica;Traffico;Visibilita;Illuminazione;NUM_FERITI;NUM_RISERVATA;NUM_MORTI;NUM_ILLESI;Longitudine;Latitudine;Confermato;Progressivo;TipoVeicolo;StatoVeicolo;TipoPersona;Sesso;Tipolesione;Deceduto;DecedutoDopo;CinturaCascoUtilizzato;Airbag
1836779;4;15/04/2010 11:40;Statale entro l'abitato;VIA SALARIA;in prossimità;;della chilometrica ;20,7;;Scontro laterale fra veicoli in marcia;Curva a visuale libera;Una carreggiata a doppio senso;Asciutto;Asfaltata;Verticale ed orizzontale;Sereno;Normale;Buona;Ore Diurne;0;0;0;2;;;-1;1;Autocarro inferiore 35 q.;In marcia / fermata / arresto;Conducente;M;Illeso;0;;Non accertato;Inesistente
1836779;4;15/04/2010 11:40;Statale entro l'abitato;VIA SALARIA;in prossimità;;della chilometrica ;20,7;;Scontro laterale fra veicoli in marcia;Curva a visuale libera;Una carreggiata a doppio senso;Asciutto;Asfaltata;Verticale ed orizzontale;Sereno;Normale;Buona;Ore Diurne;0;0;0;2;;;-1;2;Autocarro inferiore 35 q.;In marcia / fermata / arresto;Conducente;M;Illeso;0;;Non accertato;Inesistente
1836780;4;15/04/2010 18:30;Strada Urbana;VIA DELLA BUFALOTTA;in corrispondenza;;del civico n. ;2;;Tamponamento;Pendenza;Una carreggiata a doppio senso;Asciutto;Asfaltata;Orizzontale;Sereno;Normale;Buona;Ore Diurne;2;0;0;1;;;-1;1;Motociclo a solo;In marcia / fermata / arresto;Conducente;M;Rimandato;0;NON DECEDUTO;Non accertato;Inesistente
1836780;4;15/04/2010 18:30;Strada Urbana;VIA DELLA BUFALOTTA;in corrispondenza;;del civico n. ;2;;Tamponamento;Pendenza;Una carreggiata a doppio senso;Asciutto;Asfaltata;Orizzontale;Sereno;Normale;Buona;Ore Diurne;2;0;0;1;;;-1;2;Autovettura privata;In marcia / fermata / arresto;Conducente;M;Illeso;0;;Non accertato;Inesistente
1836780;4;15/04/2010 18:30;Strada Urbana;VIA DELLA BUFALOTTA;in corrispondenza;;del civico n. ;2;;Tamponamento;Pendenza;Una carreggiata a doppio senso;Asciutto;Asfaltata;Orizzontale;Sereno;Normale;Buona;Ore Diurne;2;0;0;1;;;-1;2;Autovettura privata;In marcia / fermata / arresto;Passeggero;F;Rimandato;0;NON DECEDUTO;Non accertato;Inesistente
1836781;4;15/04/2010 18:50;Strada Urbana;VIA CLELIA BERTINI ATTILJ;all'intersezione con;PIAZZA ANTONIO BALDINI;PIAZZA ANTONIO BALDINI;;;Scontro laterale fra veicoli in marcia;Intersezione stradale segnalata;Una carreggiata a senso unico di marcia;Asciutto;Con buche;Verticale;Sereno;Normale;Buona;Ore Diurne;0;0;0;2;;;-1;1;Autovettura privata;In marcia / fermata / arresto;Conducente;F;Illeso;0;;Non accertato;Inesistente
1836781;4;15/04/2010 18:50;Strada Urbana;VIA CLELIA BERTINI ATTILJ;all'intersezione con;PIAZZA ANTONIO BALDINI;PIAZZA ANTONIO BALDINI;;;Scontro laterale fra veicoli in marcia;Intersezione stradale segnalata;Una carreggiata a senso unico di marcia;Asciutto;Con buche;Verticale;Sereno;Normale;Buona;Ore Diurne;0;0;0;2;;;-1;2;Autovettura privata;In marcia / fermata / arresto;Conducente;F;Illeso;0;;Non accertato;Inesistente
1836782;4;15/04/2010 19:25;Strada Urbana;VIA MARIA BARBARA TOSATTI;all'intersezione con;VIA LUDOVICO DI BREME;VIA LUDOVICO DI BREME;;;Scontro frontale/laterale DX fra veicoli in marcia;Incrocio;Una carreggiata a doppio senso;Asciutto;Asfaltata;Verticale;Sereno;Normale;Sufficiente;Ore Diurne;1;0;0;1;;;-1;1;Autovettura privata;In marcia / fermata / arresto;Conducente;F;Illeso;0;;Non accertato;Inesistente
1836782;4;15/04/2010 19:25;Strada Urbana;VIA MARIA BARBARA TOSATTI;all'intersezione con;VIA LUDOVICO DI BREME;VIA LUDOVICO DI BREME;;;Scontro frontale/laterale DX fra veicoli in marcia;Incrocio;Una carreggiata a doppio senso;Asciutto;Asfaltata;Verticale;Sereno;Normale;Sufficiente;Ore Diurne;1;0;0;1;;;-1;2;Autovettura privata;In marcia / fermata / arresto;Conducente;F;Rifiuta cure immediate;0;NON DECEDUTO;Non accertato;Esploso
1836783;4;15/04/2010 23:50;Strada Urbana;VIA VAL DI LANZO;all'intersezione con;VIA VAL SANTERNO;VIA VAL SANTERNO;;;Scontro frontale/laterale SX fra veicoli in marcia;Incrocio;Una carreggiata a senso unico di marcia;Asciutto;Asfaltata;Verticale ed orizzontale;Sereno;Scarso;Buona;Sufficiente;0;0;0;8;;;-1;1;Autovettura privata;In marcia / fermata / arresto;Conducente;M;Illeso;0;;Non accertato;Inesistente
1836783;4;15/04/2010 23:50;Strada Urbana;VIA VAL DI LANZO;all'intersezione con;VIA VAL SANTERNO;VIA VAL SANTERNO;;;Scontro frontale/laterale SX fra veicoli in marcia;Incrocio;Una carreggiata a senso unico di marcia;Asciutto;Asfaltata;Verticale ed orizzontale;Sereno;Scarso;Buona;Sufficiente;0;0;0;8;;;-1;1;Autovettura privata;In marcia / fermata / arresto;Passeggero;M;Illeso;0;;Non accertato;Inesistente
1836783;4;15/04/2010 23:50;Strada Urbana;VIA VAL DI LANZO;all'intersezione con;VIA VAL SANTERNO;VIA VAL SANTERNO;;;Scontro frontale/laterale SX fra veicoli in marcia;Incrocio;Una carreggiata a senso unico di marcia;Asciutto;Asfaltata;Verticale ed orizzontale;Sereno;Scarso;Buona;Sufficiente;0;0;0;8;;;-1;1;Autovettura privata;In marcia / fermata / arresto;Passeggero;F;Illeso;0;;Non accertato;Inesistente
1836783;4;15/04/2010 23:50;Strada Urbana;VIA VAL DI LANZO;all'intersezione con;VIA VAL SANTERNO;VIA VAL SANTERNO;;;Scontro frontale/laterale SX fra veicoli in marcia;Incrocio;Una carreggiata a senso unico di marcia;Asciutto;Asfaltata;Verticale ed orizzontale;Sereno;Scarso;Buona;Sufficiente;0;0;0;8;;;-1;1;Autovettura privata;In marcia / fermata / arresto;Passeggero;F;Illeso;0;;Non accertato;Inesistente
1836783;4;15/04/2010 23:50;Strada Urbana;VIA VAL DI LANZO;all'intersezione con;VIA VAL SANTERNO;VIA VAL SANTERNO;;;Scontro frontale/laterale SX fra veicoli in marcia;Incrocio;Una carreggiata a senso unico di marcia;Asciutto;Asfaltata;Verticale ed orizzontale;Sereno;Scarso;Buona;Sufficiente;0;0;0;8;;;-1;2;Autovettura privata;In marcia / fermata / arresto;Conducente;F;Illeso;0;;Non accertato;Inesistente
1836783;4;15/04/2010 23:50;Strada Urbana;VIA VAL DI LANZO;all'intersezione con;VIA VAL SANTERNO;VIA VAL SANTERNO;;;Scontro frontale/laterale SX fra veicoli in marcia;Incrocio;Una carreggiata a senso unico di marcia;Asciutto;Asfaltata;Verticale ed orizzontale;Sereno;Scarso;Buona;Sufficiente;0;0;0;8;;;-1;2;Autovettura privata;In marcia / fermata / arresto;Passeggero;F;Illeso;0;;Non accertato;Inesistente
1836783;4;15/04/2010 23:50;Strada Urbana;VIA VAL DI LANZO;all'intersezione con;VIA VAL SANTERNO;VIA VAL SANTERNO;;;Scontro frontale/laterale SX fra veicoli in marcia;Incrocio;Una carreggiata a senso unico di marcia;Asciutto;Asfaltata;Verticale ed orizzontale;Sereno;Scarso;Buona;Sufficiente;0;0;0;8;;;-1;2;Autovettura privata;In marcia / fermata / arresto;Passeggero;F;Illeso;0;;Utilizzato;Inesistente
1836784;4;16/04/2010 17:05;Strada Urbana;VIA GIOVANNI CONTI;da specificare;;;;pross. via Monte Massico;Scontro frontale/laterale DX fra veicoli in marcia;Rettilineo;Due carreggiate;Asciutto;Asfaltata;Verticale ed orizzontale;Sereno;Scarso;Sufficiente;Ore Diurne;0;1;0;1;;;-1;1;Autovettura privata;In marcia / fermata / arresto;Conducente;M;Illeso;0;;Non accertato;Inesistente
1836784;4;16/04/2010 17:05;Strada Urbana;VIA GIOVANNI CONTI;da specificare;;;;pross. via Monte Massico;Scontro frontale/laterale DX fra veicoli in marcia;Rettilineo;Due carreggiate;Asciutto;Asfaltata;Verticale ed orizzontale;Sereno;Scarso;Sufficiente;Ore Diurne;0;1;0;1;;;-1;3;Motociclo a solo;In marcia / fermata / arresto;Conducente;M;Prognosi riservata;0;NON DECEDUTO;Utilizzato;Inesistente
1836785;5;14/04/2010 08:05;Strada Urbana;VIA GIUSEPPE ANTONIO ANDRIULLI;da specificare;;;;Direzione A24;Scontro frontale/laterale DX fra veicoli in marcia;Rettilineo;Due carreggiate;Asciutto;Asfaltata;Verticale ed orizzontale;Sereno;Normale;Buona;Ore Diurne;0;0;0;4;;;-1;1;Quadriciclo leggero;In marcia / fermata / arresto;Conducente;M;Illeso;0;;Non accertato;Inesistente
1836785;5;14/04/2010 08:05;Strada Urbana;VIA GIUSEPPE ANTONIO ANDRIULLI;da specificare;;;;Direzione A24;Scontro frontale/laterale DX fra veicoli in marcia;Rettilineo;Due carreggiate;Asciutto;Asfaltata;Verticale ed orizzontale;Sereno;Normale;Buona;Ore Diurne;0;0;0;4;;;-1;2;Autovettura privata;In marcia / fermata / arresto;Conducente;F;Illeso;0;;Non accertato;Inesploso
1836785;5;14/04/2010 08:05;Strada Urbana;VIA GIUSEPPE ANTONIO ANDRIULLI;da specificare;;;;Direzione A24;Scontro frontale/laterale DX fra veicoli in marcia;Rettilineo;Due carreggiate;Asciutto;Asfaltata;Verticale ed orizzontale;Sereno;Normale;Buona;Ore Diurne;0;0;0;4;;;-1;2;Autovettura privata;In marcia / fermata / arresto;Passeggero;M;Illeso;0;;Non accertato;Inesploso
1836785;5;14/04/2010 08:05;Strada Urbana;VIA GIUSEPPE ANTONIO ANDRIULLI;da specificare;;;;Direzione A24;Scontro frontale/laterale DX fra veicoli in marcia;Rettilineo;Due carreggiate;Asciutto;Asfaltata;Verticale ed orizzontale;Sereno;Normale;Buona;Ore Diurne;0;0;0;4;;;-1;2;Autovettura privata;In marcia / fermata / arresto;Passeggero;M;Illeso;0;;Non accertato;Inesploso
1836786;5;17/04/2010 09:50;Strada Urbana;VIA DI CASAL BIANCO;all'intersezione con;VIA RUBELLIA;VIA RUBELLIA;;;Scontro frontale/laterale SX fra veicoli in marcia;Incrocio;Una carreggiata a doppio senso;Asciutto;Asfaltata;Verticale ed orizzontale;Nuvoloso;Scarso;Buona;Ore Diurne;1;0;0;1;;;-1;1;Autovettura privata;In marcia / fermata / arresto;Conducente;F;Illeso;0;;Non accertato;Inesistente
1836786;5;17/04/2010 09:50;Strada Urbana;VIA DI CASAL BIANCO;all'intersezione con;VIA RUBELLIA;VIA RUBELLIA;;;Scontro frontale/laterale SX fra veicoli in marcia;Incrocio;Una carreggiata a doppio senso;Asciutto;Asfaltata;Verticale ed orizzontale;Nuvoloso;Scarso;Buona;Ore Diurne;1;0;0;1;;;-1;2;Motociclo a solo;In marcia / fermata / arresto;Conducente;M;Rimandato;0;NON DECEDUTO;Utilizzato;Inesistente
1836820;1;27/04/2010 18:00;Strada Urbana;VIALE MANZONI;in prossimità;;del civico n. ;47;;Veicoli in marcia contro veicolo fermo;Rettilineo;Una carreggiata a doppio senso;Asciutto;Asfaltata;Verticale ed orizzontale;Nuvoloso;Normale;Buona;Ore Diurne;0;0;0;2;;;-1;1;Macchina operatrice;In marcia / fermata / arresto;Conducente;M;Illeso;0;;Non accertato;Inesistente
1836820;1;27/04/2010 18:00;Strada Urbana;VIALE MANZONI;in prossimità;;del civico n. ;47;;Veicoli in marcia contro veicolo fermo;Rettilineo;Una carreggiata a doppio senso;Asciutto;Asfaltata;Verticale ed orizzontale;Nuvoloso;Normale;Buona;Ore Diurne;0;0;0;2;;;-1;1;Macchina operatrice;In marcia / fermata / arresto;Passeggero;M;Illeso;0;;Non accertato;Inesistente
1836821;1;29/04/2010 12:30;Strada Urbana;PONTE SUBLICIO;da specificare;;;;ALTEZZA LUNGOTEVERE TESTACCIO ;Scontro laterale fra veicoli in marcia;Rettilineo;Una carreggiata a doppio senso;Asciutto;Acciotolata;Assente;Sereno;Normale;Buona;Ore Diurne;1;0;0;1;;;-1;1;Motociclo a solo;In marcia / fermata / arresto;Conducente;M;Rifiuta cure immediate;0;NON DECEDUTO;Non accertato;Inesistente
1836821;1;29/04/2010 12:30;Strada Urbana;PONTE SUBLICIO;da specificare;;;;ALTEZZA LUNGOTEVERE TESTACCIO ;Scontro laterale fra veicoli in marcia;Rettilineo;Una carreggiata a doppio senso;Asciutto;Acciotolata;Assente;Sereno;Normale;Buona;Ore Diurne;1;0;0;1;;;-1;2;Autovettura privata;In marcia / fermata / arresto;Conducente;M;Illeso;0;;Esente;Inesistente
1836822;1;30/04/2010 23:00;Strada Urbana;PIAZZA DELL'ESQUILINO;da specificare;;;;FRONTE VIA A. DE PRETIS ;Veicolo in marcia contro ostacolo fisso;Rettilineo;Una carreggiata a doppio senso;Asciutto;Asfaltata;Verticale ed orizzontale;Sereno;Normale;Buona;Sufficiente;0;0;0;4;;;-1;1;Autovettura privata;In marcia / fermata / arresto;Conducente;F;Illeso;0;;Non accertato;Inesistente
1836822;1;30/04/2010 23:00;Strada Urbana;PIAZZA DELL'ESQUILINO;da specificare;;;;FRONTE VIA A. DE PRETIS ;Veicolo in marcia contro ostacolo fisso;Rettilineo;Una carreggiata a doppio senso;Asciutto;Asfaltata;Verticale ed orizzontale;Sereno;Normale;Buona;Sufficiente;0;0;0;4;;;-1;2;Autovettura privata;In marcia / fermata / arresto;Conducente;M;Illeso;0;;Non accertato;Inesistente
1836822;1;30/04/2010 23:00;Strada Urbana;PIAZZA DELL'ESQUILINO;da specificare;;;;FRONTE VIA A. DE PRETIS ;Veicolo in marcia contro ostacolo fisso;Rettilineo;Una carreggiata a doppio senso;Asciutto;Asfaltata;Verticale ed orizzontale;Sereno;Normale;Buona;Sufficiente;0;0;0;4;;;-1;3;Autovettura privata;In marcia / fermata / arresto;Conducente;M;Illeso;0;;Non accertato;Inesistente
1836822;1;30/04/2010 23:00;Strada Urbana;PIAZZA DELL'ESQUILINO;da specificare;;;;FRONTE VIA A. DE PRETIS ;Veicolo in marcia contro ostacolo fisso;Rettilineo;Una carreggiata a doppio senso;Asciutto;Asfaltata;Verticale ed orizzontale;Sereno;Normale;Buona;Sufficiente;0;0;0;4;;;-1;3;Autovettura privata;In marcia / fermata / arresto;Passeggero;M;Illeso;0;;Non accertato;Inesistente
1836823;1;30/04/2010 23:30;Strada Urbana;VIA FERDINANDO DI SAVOIA;all'intersezione con;LUNGOTEVERE ARNALDO DA BRESCIA;LUNGOTEVERE ARNALDO DA BRESCIA;;;Scontro laterale fra veicoli in marcia;Intersezione stradale segnalata;Una carreggiata a senso unico di marcia;Asciutto;In cubetti di porfido;Verticale ed orizzontale;Sereno;Normale;Sufficiente;Sufficiente;0;0;0;2;;;-1;1;Motociclo con passeggero;In marcia / fermata / arresto;Conducente;M;Illeso;0;;Non accertato;Inesistente
1836823;1;30/04/2010 23:30;Strada Urbana;VIA FERDINANDO DI SAVOIA;all'intersezione con;LUNGOTEVERE ARNALDO DA BRESCIA;LUNGOTEVERE ARNALDO DA BRESCIA;;;Scontro laterale fra veicoli in marcia;Intersezione stradale segnalata;Una carreggiata a senso unico di marcia;Asciutto;In cubetti di porfido;Verticale ed orizzontale;Sereno;Normale;Sufficiente;Sufficiente;0;0;0;2;;;-1;2;Autovettura privata;In marcia / fermata / arresto;Conducente;M;Illeso;0;;Non accertato;Inesistente
1836840;11;10/04/2010 13:10;Strada Urbana;VIA DI VIGNA MURATA;da specificare;;;;altezza Via Di Grotte D'Arcaccio;Investimento di pedone;Rettilineo;Due carreggiate;Asciutto;Asfaltata;Verticale ed orizzontale;Sereno;Normale;Buona;Ore Diurne;1;0;0;1;;;-1;;;;Pedone;M;Rimandato;0;NON DECEDUTO;;
1836840;11;10/04/2010 13:10;Strada Urbana;VIA DI VIGNA MURATA;da specificare;;;;altezza Via Di Grotte D'Arcaccio;Investimento di pedone;Rettilineo;Due carreggiate;Asciutto;Asfaltata;Verticale ed orizzontale;Sereno;Normale;Buona;Ore Diurne;1;0;0;1;;;-1;1;Autovettura privata;In marcia / fermata / arresto;Conducente;M;Illeso;0;;Non accertato;Inesploso
1836841;11;10/04/2010 20:30;Strada Urbana;VIALE GUGLIELMO MARCONI;all'intersezione semaforizzata con;VIA CORRADO SEGRE;VIA CORRADO SEGRE;;;Tamponamento;Incrocio;Due carreggiate;Asciutto;Asfaltata;Verticale ed orizzontale;Sereno;Normale;Buona;Sufficiente;2;0;0;1;;;-1;1;Autovettura privata;In marcia / fermata / arresto;Conducente;F;Illeso;0;;Utilizzato;Esploso
1836841;11;10/04/2010 20:30;Strada Urbana;VIALE GUGLIELMO MARCONI;all'intersezione semaforizzata con;VIA CORRADO SEGRE;VIA CORRADO SEGRE;;;Tamponamento;Incrocio;Due carreggiate;Asciutto;Asfaltata;Verticale ed orizzontale;Sereno;Normale;Buona;Sufficiente;2;0;0;1;;;-1;2;Autovettura privata;In marcia / fermata / arresto;Conducente;M;Rimandato;0;NON DECEDUTO;Utilizzato;Inesploso
1836841;11;10/04/2010 20:30;Strada Urbana;VIALE GUGLIELMO MARCONI;all'intersezione semaforizzata con;VIA CORRADO SEGRE;VIA CORRADO SEGRE;;;Tamponamento;Incrocio;Due carreggiate;Asciutto;Asfaltata;Verticale ed orizzontale;Sereno;Normale;Buona;Sufficiente;2;0;0;1;;;-1;2;Autovettura privata;In marcia / fermata / arresto;Passeggero;M;Rimandato;0;NON DECEDUTO;Non accertato;Inesploso
1836842;11;12/04/2010 10:15;Strada Urbana;VIA ARDEATINA;in prossimità;;del civico n. ;215;;Scontro laterale fra veicoli in marcia;Rettilineo;Una carreggiata a doppio senso;Asciutto;Asfaltata;Verticale ed orizzontale;Sereno;Normale;Buona;Ore Diurne;0;0;0;3;;;-1;1;Autocarro inferiore 35 q.;In marcia / fermata / arresto;Conducente;M;Illeso;0;;Non accertato;Inesistente
1836842;11;12/04/2010 10:15;Strada Urbana;VIA ARDEATINA;in prossimità;;del civico n. ;215;;Scontro laterale fra veicoli in marcia;Rettilineo;Una carreggiata a doppio senso;Asciutto;Asfaltata;Verticale ed orizzontale;Sereno;Normale;Buona;Ore Diurne;0;0;0;3;;;-1;1;Autocarro inferiore 35 q.;In marcia / fermata / arresto;Passeggero;M;Illeso;0;;Non accertato;Inesistente
1836842;11;12/04/2010 10:15;Strada Urbana;VIA ARDEATINA;in prossimità;;del civico n. ;215;;Scontro laterale fra veicoli in marcia;Rettilineo;Una carreggiata a doppio senso;Asciutto;Asfaltata;Verticale ed orizzontale;Sereno;Normale;Buona;Ore Diurne;0;0;0;3;;;-1;2;Autovettura privata;In marcia / fermata / arresto;Conducente;M;Illeso;0;;Non accertato;Inesistente
1836843;11;13/04/2010 09:20;Strada Urbana;VIA DI TORRICOLA;da specificare;;;;50 mt. prima di VIA DI TORRICOLA NUOVA dir. Ardeat;Tamponamento;Rettilineo;Una carreggiata a doppio senso;Asciutto;Asfaltata;Orizzontale;Sereno;Normale;Buona;Ore Diurne;1;0;0;1;;;-1;1;Autocarro superiore 35 q.;In marcia / fermata / arresto;Conducente;M;Illeso;0;;Utilizzato;Inesistente
1836843;11;13/04/2010 09:20;Strada Urbana;VIA DI TORRICOLA;da specificare;;;;50 mt. prima di VIA DI TORRICOLA NUOVA dir. Ardeat;Tamponamento;Rettilineo;Una carreggiata a doppio senso;Asciutto;Asfaltata;Orizzontale;Sereno;Normale;Buona;Ore Diurne;1;0;0;1;;;-1;2;Autovettura privata;In marcia / fermata / arresto;Conducente;F;Rifiuta cure immediate;0;NON DECEDUTO;Utilizzato;Esploso
1836844;11;13/04/2010 15:00;Strada Urbana;PIAZZALE ROBERTO ARDIGO';all'intersezione semaforizzata con;VIA LAURENTINA;VIA LAURENTINA;;;Scontro laterale fra veicoli in marcia;Intersezione semaforizzata;Due carreggiate;Asciutto;Asfaltata;Verticale ed orizzontale;Sereno;Normale;Buona;Ore Diurne;0;0;0;2;;;-1;1;Autobus urbano;In marcia / fermata / arresto;Conducente;M;Illeso;0;;Non accertato;Inesistente
1836844;11;13/04/2010 15:00;Strada Urbana;PIAZZALE ROBERTO ARDIGO';all'intersezione semaforizzata con;VIA LAURENTINA;VIA LAURENTINA;;;Scontro laterale fra veicoli in marcia;Intersezione semaforizzata;Due carreggiate;Asciutto;Asfaltata;Verticale ed orizzontale;Sereno;Normale;Buona;Ore Diurne;0;0;0;2;;;-1;2;Autovettura privata;In marcia / fermata / arresto;Conducente;M;Illeso;0;;Non accertato;Inesistente
1836851;13;20/04/2010 14:00;Strada Urbana;VIA BERNARDO PASQUINI;da specificare;;;;angolo Via Italo Montemezzi;Veicolo in marcia contro ostacolo fisso;Rettilineo;Una carreggiata a doppio senso;Bagnato (pioggia);Con buche;Assente;Nuvoloso;Scarso;Sufficiente;Ore Diurne;0;0;0;1;;;-1;1;Autovettura privata;In marcia / fermata / arresto;Conducente;M;Illeso;0;;Non accertato;Inesploso
1836860;16;27/04/2010 06:50;Strada Urbana;VIA DEL CASALE LUMBROSO;all'intersezione con;VIA ALESSANDRO SANTINI;VIA ALESSANDRO SANTINI;;;Scontro frontale/laterale DX fra veicoli in marcia;Intersezione stradale segnalata;Una carreggiata a doppio senso;Bagnato (pioggia);Asfaltata;Verticale ed orizzontale;Nuvoloso;Normale;Buona;Ore Diurne;0;0;0;2;;;-1;1;Autovettura privata;In marcia / fermata / arresto;Conducente;M;Illeso;0;;Non accertato;Inesistente
1836860;16;27/04/2010 06:50;Strada Urbana;VIA DEL CASALE LUMBROSO;all'intersezione con;VIA ALESSANDRO SANTINI;VIA ALESSANDRO SANTINI;;;Scontro frontale/laterale DX fra veicoli in marcia;Intersezione stradale segnalata;Una carreggiata a doppio senso;Bagnato (pioggia);Asfaltata;Verticale ed orizzontale;Nuvoloso;Normale;Buona;Ore Diurne;0;0;0;2;;;-1;2;Autovettura privata;In marcia / fermata / arresto;Conducente;M;Illeso;0;;Non accertato;Inesistente
1836862;17;02/04/2010 11:10;Strada Urbana;VIA RUGGERO DI LAURIA;all'intersezione con;VIA FRANCESCO CARACCIOLO;VIA FRANCESCO CARACCIOLO;;;Scontro laterale fra veicoli in marcia;Incrocio;Una carreggiata a senso unico di marcia;Asciutto;Asfaltata;Verticale ed orizzontale;Sereno;Intenso;Buona;Ore Diurne;0;0;0;3;;;-1;1;Autovettura privata;In marcia / fermata / arresto;Conducente;F;Illeso;0;;Non accertato;Inesistente
1836862;17;02/04/2010 11:10;Strada Urbana;VIA RUGGERO DI LAURIA;all'intersezione con;VIA FRANCESCO CARACCIOLO;VIA FRANCESCO CARACCIOLO;;;Scontro laterale fra veicoli in marcia;Incrocio;Una carreggiata a senso unico di marcia;Asciutto;Asfaltata;Verticale ed orizzontale;Sereno;Intenso;Buona;Ore Diurne;0;0;0;3;;;-1;1;Autovettura privata;In marcia / fermata / arresto;Passeggero;F;Illeso;0;;Non accertato;Inesistente
1836862;17;02/04/2010 11:10;Strada Urbana;VIA RUGGERO DI LAURIA;all'intersezione con;VIA FRANCESCO CARACCIOLO;VIA FRANCESCO CARACCIOLO;;;Scontro laterale fra veicoli in marcia;Incrocio;Una carreggiata a senso unico di marcia;Asciutto;Asfaltata;Verticale ed orizzontale;Sereno;Intenso;Buona;Ore Diurne;0;0;0;3;;;-1;2;Autovettura privata;In marcia / fermata / arresto;Conducente;F;Illeso;0;;Non accertato;Inesistente
1836863;17;04/04/2010 10:35;Strada Urbana;VIALE DELLO STADIO OLIMPICO;da specificare;;;;altezza vivari Mari;Ribaltamento senza urto contro ostacolo fisso;Curva senza visuale libera;Una carreggiata a senso unico di marcia;Bagnato (pioggia);Asfaltata;Orizzontale;Pioggia in atto;Scarso;Buona;Ore Diurne;0;0;0;1;;;-1;1;Autovettura privata;In marcia / fermata / arresto;Conducente;M;Illeso;0;;Non accertato;Inesistente
1836864;17;04/04/2010 12:30;Strada Urbana;VIALE DELLO STADIO OLIMPICO;da specificare;;;;dopo l'intersezione con largo Ferraris IV;Veicolo in marcia contro ostacolo fisso;Curva a visuale libera;Una carreggiata a senso unico di marcia;Bagnato (pioggia);Asfaltata;Verticale ed orizzontale;Pioggia in atto;Scarso;Buona;Ore Diurne;0;0;0;2;;;-1;1;Autovettura privata;In marcia / fermata / arresto;Conducente;F;Illeso;0;;Utilizzato;Inesistente
1836864;17;04/04/2010 12:30;Strada Urbana;VIALE DELLO STADIO OLIMPICO;da specificare;;;;dopo l'intersezione con largo Ferraris IV;Veicolo in marcia contro ostacolo fisso;Curva a visuale libera;Una carreggiata a senso unico di marcia;Bagnato (pioggia);Asfaltata;Verticale ed orizzontale;Pioggia in atto;Scarso;Buona;Ore Diurne;0;0;0;2;;;-1;1;Autovettura privata;In marcia / fermata / arresto;Passeggero;M;Illeso;0;;Utilizzato;Inesistente
1836891;4;16/04/2010 07:40;Strada Urbana;VIA NOMENTANA NUOVA;da specificare;;;;Altezza  L.go Valsolda;Tamponamento Multiplo;Rettilineo;Una carreggiata a doppio senso;Asciutto;Asfaltata;Orizzontale;Sereno;Normale;Buona;Ore Diurne;1;0;0;3;;;-1;1;Motociclo a solo;In marcia / fermata / arresto;Conducente;M;Rifiuta cure immediate;0;NON DECEDUTO;Non accertato;Inesistente
1836891;4;16/04/2010 07:40;Strada Urbana;VIA NOMENTANA NUOVA;da specificare;;;;Altezza  L.go Valsolda;Tamponamento Multiplo;Rettilineo;Una carreggiata a doppio senso;Asciutto;Asfaltata;Orizzontale;Sereno;Normale;Buona;Ore Diurne;1;0;0;3;;;-1;2;Motociclo a solo;In marcia / fermata / arresto;Conducente;M;Illeso;0;;Non accertato;Inesistente
1836891;4;16/04/2010 07:40;Strada Urbana;VIA NOMENTANA NUOVA;da specificare;;;;Altezza  L.go Valsolda;Tamponamento Multiplo;Rettilineo;Una carreggiata a doppio senso;Asciutto;Asfaltata;Orizzontale;Sereno;Normale;Buona;Ore Diurne;1;0;0;3;;;-1;2;Motociclo a solo;In marcia / fermata / arresto;Passeggero;F;Illeso;0;;Non accertato;Inesistente
1836891;4;16/04/2010 07:40;Strada Urbana;VIA NOMENTANA NUOVA;da specificare;;;;Altezza  L.go Valsolda;Tamponamento Multiplo;Rettilineo;Una carreggiata a doppio senso;Asciutto;Asfaltata;Orizzontale;Sereno;Normale;Buona;Ore Diurne;1;0;0;3;;;-1;3;Motociclo a solo;In marcia / fermata / arresto;Conducente;M;Illeso;0;;Non accertato;Inesistente
1836892;4;16/04/2010 10:45;Strada Urbana;VIA VIRGILIO TALLI;all'intersezione con;VIA NAZZARENO DE ANGELIS;VIA NAZZARENO DE ANGELIS;;;Scontro frontale/laterale SX fra veicoli in marcia;Incrocio;Una carreggiata a doppio senso;Asciutto;Asfaltata;Verticale ed orizzontale;Sereno;Scarso;Buona;Ore Diurne;0;0;0;3;;;-1;1;Autocarro inferiore 35 q.;In marcia / fermata / arresto;Conducente;M;Illeso;0;;Non accertato;Inesistente
1836892;4;16/04/2010 10:45;Strada Urbana;VIA VIRGILIO TALLI;all'intersezione con;VIA NAZZARENO DE ANGELIS;VIA NAZZARENO DE ANGELIS;;;Scontro frontale/laterale SX fra veicoli in marcia;Incrocio;Una carreggiata a doppio senso;Asciutto;Asfaltata;Verticale ed orizzontale;Sereno;Scarso;Buona;Ore Diurne;0;0;0;3;;;-1;2;Autovettura privata;In marcia / fermata / arresto;Conducente;M;Illeso;0;;Non accertato;Inesistente